token,mean_abs_shap,mean_shap,count
R,0.005698330691740062,0.005283268016874534,1960
H,0.0034508752032150415,0.001678320974100001,198
I,0.003159068283994939,0.0011054283208119886,1073
D,0.0029547627888336864,-0.0022051140400147257,1562
W,0.0026327713760529153,0.0002965670996939491,767
Y,0.002437866603963034,0.0005637644543298815,2869
S,0.002209051052813844,0.001619357989866914,3645
G,0.0021811312150042087,0.0011726308235968164,4506
T,0.0021749135370784474,0.0002619491105231116,2422
N,0.002157607771630343,0.0014375376674598628,1477
V,0.0020941638077866358,-0.0012360555358410482,2772
F,0.0020378367891635964,-0.0004904804104055279,721
A,0.0018396453099099811,0.0008037032184553306,3441
M,0.0018027730293562053,0.001180547939526007,599
K,0.0017786361116944734,0.001292376973946903,1276
P,0.0015853248274994478,0.00011863250923715644,941
L,0.0013989502856080478,-0.0009059258749556134,2241
E,0.001102110022123755,-0.00029083728989978143,1311
Q,0.001072451204584497,0.0006004392003762873,2607
C,0.0004780378322570537,0.0003076945192831092,613
,2.2896424426743747e-06,-3.3200767213918757e-07,600
